{"cameraMode":{"drawMode":0,"name":"Shaded","section":"Shading Mode"},"sceneLighting":false,"audioPlay":false,"sceneViewState":{"showFog":true,"showMaterialUpdate":false,"showSkybox":true,"showFlares":true,"showImageEffects":true,"showParticleSystems":true},"in2DMode":false,"pivot":{"x":2.835019111633301,"y":-14.021723747253418,"z":2.7700576782226564},"rotation":{"x":-0.40565186738967898,"y":-0.34360671043395998,"z":0.16788460314273835,"w":-0.8301982283592224},"size":27.288408279418947,"orthographic":false}