{"cameraMode":{"drawMode":0,"name":"Shaded","section":"Shading Mode"},"sceneLighting":false,"audioPlay":false,"sceneViewState":{"showFog":true,"showMaterialUpdate":false,"showSkybox":true,"showFlares":true,"showImageEffects":true,"showParticleSystems":true},"in2DMode":false,"pivot":{"x":140.9395751953125,"y":64.71234130859375,"z":159.198974609375},"rotation":{"x":-0.19327588379383088,"y":-0.07000461220741272,"z":0.013819560408592224,"w":-0.9785625338554382},"size":1281.7498779296875,"orthographic":false}