{"cameraMode":{"drawMode":0,"name":"Shaded","section":"Shading Mode"},"sceneLighting":false,"audioPlay":false,"sceneViewState":{"showFog":true,"showMaterialUpdate":false,"showSkybox":true,"showFlares":true,"showImageEffects":true,"showParticleSystems":true},"in2DMode":false,"pivot":{"x":469.4264831542969,"y":424.806884765625,"z":354.5992736816406},"rotation":{"x":-0.4175388216972351,"y":-0.28534117341041567,"z":0.1399456411600113,"w":-0.8512875437736511},"size":606.3565063476563,"orthographic":false}