{"cameraMode":{"drawMode":0,"name":"Shaded","section":"Shading Mode"},"sceneLighting":false,"audioPlay":false,"sceneViewState":{"showFog":true,"showMaterialUpdate":false,"showSkybox":true,"showFlares":true,"showImageEffects":true,"showParticleSystems":true},"in2DMode":false,"pivot":{"x":-0.5796880722045898,"y":-1.2279868125915528,"z":-0.9997587203979492},"rotation":{"x":-0.26960158348083498,"y":-0.4332767128944397,"z":0.13759009540081025,"w":-0.8489331007003784},"size":9.329559326171875,"orthographic":false}