{"cameraMode":{"drawMode":0,"name":"Shaded","section":"Shading Mode"},"sceneLighting":false,"audioPlay":false,"sceneViewState":{"showFog":true,"showMaterialUpdate":false,"showSkybox":true,"showFlares":true,"showImageEffects":true,"showParticleSystems":true},"in2DMode":false,"pivot":{"x":469.370849609375,"y":79.37499237060547,"z":-1.0583332777023316},"rotation":{"x":-0.2519392967224121,"y":-0.11379668861627579,"z":0.029840931296348573,"w":-0.9605827331542969},"size":83.66859436035156,"orthographic":false}