{"cameraMode":{"drawMode":0,"name":"Shaded","section":"Shading Mode"},"sceneLighting":false,"audioPlay":false,"sceneViewState":{"showFog":true,"showMaterialUpdate":false,"showSkybox":false,"showFlares":true,"showImageEffects":true,"showParticleSystems":true},"in2DMode":false,"pivot":{"x":422.56146240234377,"y":312.6828918457031,"z":21.899330139160158},"rotation":{"x":-0.1937449723482132,"y":-0.015614405274391175,"z":0.0030784527771174909,"w":-0.9809399843215942},"size":55.31010818481445,"orthographic":false}