{"cameraMode":{"drawMode":0,"name":"Shaded","section":"Shading Mode"},"sceneLighting":false,"audioPlay":false,"sceneViewState":{"showFog":true,"showMaterialUpdate":false,"showSkybox":true,"showFlares":true,"showImageEffects":true,"showParticleSystems":true},"in2DMode":false,"pivot":{"x":529.1666259765625,"y":132.29165649414063,"z":0.0},"rotation":{"x":-0.2519392967224121,"y":-0.11379668861627579,"z":0.029840931296348573,"w":-0.9605827331542969},"size":545.4524536132813,"orthographic":false}